request_id,amount_safe_to_pay,affordability_status,recommended_payment_method,payment_plan,earliest_date_for_full_payment,spending_changes_needed,decision_explanation
request_26,,,,,,,
request_27,,,,,,,
request_28,,,,,,,
request_29,,,,,,,
request_30,,,,,,,
request_31,,,,,,,
request_32,,,,,,,
request_33,,,,,,,
request_34,,,,,,,
request_35,,,,,,,
request_36,,,,,,,
request_37,,,,,,,
request_38,,,,,,,
request_39,,,,,,,
request_40,,,,,,,
request_41,,,,,,,
request_42,,,,,,,
request_43,,,,,,,
request_44,,,,,,,
request_45,,,,,,,
request_46,,,,,,,
request_47,,,,,,,
request_48,,,,,,,
request_49,,,,,,,
request_50,,,,,,,
request_51,,,,,,,
request_52,,,,,,,
request_53,,,,,,,
request_54,,,,,,,
request_55,,,,,,,
request_56,,,,,,,
request_57,,,,,,,
request_58,,,,,,,
request_59,,,,,,,
request_60,,,,,,,
request_61,,,,,,,
request_62,,,,,,,
request_63,,,,,,,
request_64,,,,,,,
request_65,,,,,,,
request_66,,,,,,,
request_67,,,,,,,
request_68,,,,,,,
request_69,,,,,,,
request_70,,,,,,,
request_71,,,,,,,
request_72,,,,,,,
request_73,,,,,,,
request_74,,,,,,,
request_75,,,,,,,
request_76,,,,,,,
request_77,,,,,,,
request_78,,,,,,,
request_79,,,,,,,
request_80,,,,,,,
request_81,,,,,,,
request_82,,,,,,,
request_83,,,,,,,
request_84,,,,,,,
request_85,,,,,,,
request_86,,,,,,,
request_87,,,,,,,
request_88,,,,,,,
request_89,,,,,,,
request_90,,,,,,,
request_91,,,,,,,
request_92,,,,,,,
request_93,,,,,,,
request_94,,,,,,,
request_95,,,,,,,
request_96,,,,,,,
request_97,,,,,,,
request_98,,,,,,,
request_99,,,,,,,
request_100,,,,,,,
request_101,,,,,,,
request_102,,,,,,,
request_103,,,,,,,
request_104,,,,,,,
request_105,,,,,,,
request_106,,,,,,,
request_107,,,,,,,
request_108,,,,,,,
request_109,,,,,,,
request_110,,,,,,,
request_111,,,,,,,
request_112,,,,,,,
request_113,,,,,,,
request_114,,,,,,,
request_115,,,,,,,
request_116,,,,,,,
request_117,,,,,,,
request_118,,,,,,,
request_119,,,,,,,
request_120,,,,,,,
request_121,,,,,,,
request_122,,,,,,,
request_123,,,,,,,
request_124,,,,,,,
request_125,,,,,,,
request_126,,,,,,,
request_127,,,,,,,
request_128,,,,,,,
request_129,,,,,,,
request_130,,,,,,,
request_131,,,,,,,
request_132,,,,,,,
request_133,,,,,,,
request_134,,,,,,,
request_135,,,,,,,
request_136,,,,,,,
request_137,,,,,,,
request_138,,,,,,,
request_139,,,,,,,
request_140,,,,,,,
request_141,,,,,,,
request_142,,,,,,,
request_143,,,,,,,
request_144,,,,,,,
request_145,,,,,,,
request_146,,,,,,,
request_147,,,,,,,
request_148,,,,,,,
request_149,,,,,,,
request_150,,,,,,,
request_151,,,,,,,
request_152,,,,,,,
request_153,,,,,,,
request_154,,,,,,,
request_155,,,,,,,
request_156,,,,,,,
request_157,,,,,,,
request_158,,,,,,,
request_159,,,,,,,
request_160,,,,,,,
request_161,,,,,,,
request_162,,,,,,,
request_163,,,,,,,
request_164,,,,,,,
request_165,,,,,,,
request_166,,,,,,,
request_167,,,,,,,
request_168,,,,,,,
request_169,,,,,,,
request_170,,,,,,,
request_171,,,,,,,
request_172,,,,,,,
request_173,,,,,,,
request_174,,,,,,,
request_175,,,,,,,
request_176,,,,,,,
request_177,,,,,,,
request_178,,,,,,,
request_179,,,,,,,
request_180,,,,,,,
request_181,,,,,,,
request_182,,,,,,,
request_183,,,,,,,
request_184,,,,,,,
request_185,,,,,,,
request_186,,,,,,,
request_187,,,,,,,
request_188,,,,,,,
request_189,,,,,,,
request_190,,,,,,,
request_191,,,,,,,
request_192,,,,,,,
request_193,,,,,,,
request_194,,,,,,,
request_195,,,,,,,
request_196,,,,,,,
request_197,,,,,,,
request_198,,,,,,,
request_199,,,,,,,
request_200,,,,,,,
request_201,,,,,,,
request_202,,,,,,,
request_203,,,,,,,
request_204,,,,,,,
request_205,,,,,,,
request_206,,,,,,,
request_207,,,,,,,
request_208,,,,,,,
request_209,,,,,,,
request_210,,,,,,,
request_211,,,,,,,
request_212,,,,,,,
request_213,,,,,,,
request_214,,,,,,,
request_215,,,,,,,
request_216,,,,,,,
request_217,,,,,,,
request_218,,,,,,,
request_219,,,,,,,
request_220,,,,,,,
request_221,,,,,,,
request_222,,,,,,,
request_223,,,,,,,
request_224,,,,,,,
request_225,,,,,,,
request_226,,,,,,,
request_227,,,,,,,
request_228,,,,,,,
request_229,,,,,,,
request_230,,,,,,,
request_231,,,,,,,
request_232,,,,,,,
request_233,,,,,,,
request_234,,,,,,,
request_235,,,,,,,
request_236,,,,,,,
request_237,,,,,,,
request_238,,,,,,,
request_239,,,,,,,
request_240,,,,,,,
request_241,,,,,,,
request_242,,,,,,,
request_243,,,,,,,
request_244,,,,,,,
request_245,,,,,,,
request_246,,,,,,,
request_247,,,,,,,
request_248,,,,,,,
request_249,,,,,,,
request_250,,,,,,,
request_251,,,,,,,
request_252,,,,,,,
request_253,,,,,,,
request_254,,,,,,,
request_255,,,,,,,
request_256,,,,,,,
request_257,,,,,,,
request_258,,,,,,,
request_259,,,,,,,
request_260,,,,,,,
request_261,,,,,,,
request_262,,,,,,,
request_263,,,,,,,
request_264,,,,,,,
request_265,,,,,,,
request_266,,,,,,,
request_267,,,,,,,
request_268,,,,,,,
request_269,,,,,,,
request_270,,,,,,,
request_271,,,,,,,
request_272,,,,,,,
request_273,,,,,,,
request_274,,,,,,,
request_275,,,,,,,
